ID	geneSymbol	splicing_event_type	IncLevelDifference	FDR	sig	neglog10fdr	label
317	Ehbp1l1	A5SS	0.403	0.625612735031134	n.s.	0.203694419319283	NA
1912	Gm36855	A5SS	0.544	0.0295834279756829	n.s.	1.5289515036094	NA
2418	Crnde	A5SS	-0.418	0.0673048014246392	n.s.	1.17195395274711	NA
2696	A230072C01Rik	A5SS	0.509	0.278344417307648	n.s.	0.555417484817961	NA
3115	Pacsin3	A5SS	0.419	0.182722428423885	n.s.	0.738208141520472	NA
3500	0610040B10Rik	A5SS	0.425	0.139995402049397	n.s.	0.85388622787438	NA
3607	Slc25a38	A5SS	-0.513	0.317149023052684	n.s.	0.498736622067185	NA
4177	Mocs2	A5SS	-0.216	0.322068995355912	n.s.	0.492051081432855	NA
4268	ENSMUSG00000126204	A5SS	0.364	0.785501200027358	n.s.	0.104853147142325	NA
5159	Pcdh15	A5SS	0.685	0.0122023700376733	n.s.	1.91355580913523	NA
5628	Nfib	A5SS	-0.447	0.0464987192716838	n.s.	1.33255900884984	NA
8522	4933406C10Rik	A5SS	0.889	0.000255541812807935	n.s.	3.59253802865629	NA
8523	4933406C10Rik	A5SS	0.77	0.000975629318915264	n.s.	3.01071515705471	NA
8558	Nrcam	A5SS	0.391	0.226592186015585	n.s.	0.644755070769293	NA
9747	F8	A5SS	-0.417	0.139995402049397	n.s.	0.85388622787438	NA
11888	Pigq	A5SS	0.353	0.307090540377259	n.s.	0.512733561366218	NA
12882	Cluap1	A5SS	-0.455	0.24774210279564	n.s.	0.606000180503392	NA
13095	Sbf1	A5SS	0.581	0.0201710394175815	n.s.	1.69527172193155	NA
13353	Capn1	A5SS	0.353	0.00986611321130079	Up in Saline	2.00585390541948	NA
13850	Bmal2	A5SS	0.434	0.204997185717866	n.s.	0.688252101069079	NA
13938	Oxr1	A5SS	-0.654	0.000975629318915264	Up in TMAO	3.01071515705471	NA
14411	Mfn1	A5SS	-0.419	0.345081303659916	n.s.	0.462078569938555	NA
14524	Wbp1	A5SS	0.443	0.077692869501959	n.s.	1.1096188380595	NA
16973	Dffb	A5SS	-0.728	0.000359836715502499	n.s.	3.4438945260193	NA
17194	Slc38a9	A5SS	0.295	0.31312034715196	n.s.	0.504288710189852	NA
17257	Oxa1l	A5SS	-0.534	0.077692869501959	n.s.	1.1096188380595	NA
17258	Oxa1l	A5SS	-0.501	0.0615604082831314	n.s.	1.21069850848768	NA
18151	Cops4	A5SS	0.545	0.785501200027358	n.s.	0.104853147142325	NA
18306	Pdrg1	A5SS	-0.416	0.116280716011033	n.s.	0.934492302678327	NA
18579	Adamts16	A5SS	-0.449	0.0808812077022506	n.s.	1.09215237256904	NA
18822	Dbi	A5SS	0.655	0.00545369128628222	n.s.	2.2633094495368	NA
19437	Trappc2l	A5SS	0.788	0.00171203512228998	n.s.	2.76648733004422	NA
19920	Ttpal	A5SS	-0.401	0.0201734992243615	n.s.	1.69521876405679	NA
20066	Clcn4	A5SS	0.591	0.0120586366793211	n.s.	1.91870178971796	NA
20977	Dact3	A5SS	0.488	3.20159334820791e-06	Up in Saline	5.49463383101908	NA
22300	Cntfr	A5SS	0.476	0.747759801563955	n.s.	0.126237885568806	NA
23056	St8sia3	A5SS	0.633	0.182722428423885	n.s.	0.738208141520472	NA
23427	Dnpep	A5SS	0.596	0.045531252767096	n.s.	1.3416904001563	NA
24299	Ywhaq	A5SS	-0.517	0.608602324631786	n.s.	0.215666393133243	NA
24921	Tro	A5SS	0.283	0.6914107084518	n.s.	0.160263898462238	NA
26717	Gm16835	A5SS	0.798	0.000102659622098826	n.s.	3.98860033875728	NA
26842	Cygb	A5SS	0.29	0.232806388594226	n.s.	0.633005106096247	NA
27526	Aldoc	A5SS	-0.437	0.402601639889022	n.s.	0.395124460462509	NA
27698	Pcsk4	A5SS	0.542	0.438323224599666	n.s.	0.358205517600062	NA
27749	Neurl4	A5SS	0.607	0.00545369128628222	n.s.	2.2633094495368	NA
28485	Dgka	A5SS	-0.379	0.772095796017245	n.s.	0.112328812228214	NA
28486	Dgka	A5SS	-0.713	0.000255541812807935	Up in TMAO	3.59253802865629	NA
28639	Usp53	A5SS	0.439	0.747759801563955	n.s.	0.126237885568806	NA
29038	Nwd1	A5SS	-0.408	0.747759801563955	n.s.	0.126237885568806	NA
30306	Aldoa	A5SS	0.541	0.275304481040305	n.s.	0.56018671968099	NA
31056	Purg	A5SS	0.705	0.000255541812807935	n.s.	3.59253802865629	NA
31999	Car7	A5SS	-0.481	0.0142440998606008	n.s.	1.84636499029434	NA
32311	Klc1	A5SS	-0.546	1e-15	Up in TMAO	15	Klc1_A5SS
32937	Cox4i1	A5SS	-0.632	0.204997185717866	n.s.	0.688252101069079	NA
32939	Cox4i1	A5SS	-0.528	0.204997185717866	n.s.	0.688252101069079	NA
33677	Gm16794	A5SS	0.774	1.02558747328001e-07	n.s.	6.98902729234807	NA
34555	Erg28	A5SS	-0.401	0.566627379497207	n.s.	0.246702444151501	NA
34934	Cirbp	A5SS	0.291	0.517461352378997	n.s.	0.286122080799188	NA
35885	Hip1r	A5SS	-0.345	0.204997185717866	n.s.	0.688252101069079	NA
35886	Hip1r	A5SS	-0.334	0.226592186015585	n.s.	0.644755070769293	NA
36448	Zfp207	A5SS	0.089	0.854452446975087	n.s.	0.0683121021544583	NA
36991	Atp5pd	A5SS	-0.667	0.764322591666594	n.s.	0.116723303451614	NA
37484	Zmym5	A5SS	0.21	0.924479444296428	n.s.	0.0341027408897516	NA
37651	Map1a	A5SS	-0.666	0.302411103429992	n.s.	0.519402267172655	NA
37652	Map1a	A5SS	-0.502	0.0201710394175815	n.s.	1.69527172193155	NA
38463	Exosc4	A5SS	0.402	0.317149023052684	n.s.	0.498736622067185	NA
39081	Mark2	A5SS	-0.31	0.402601639889022	n.s.	0.395124460462509	NA
40120	Ift140	A5SS	-0.578	0.241891164322125	n.s.	0.616379995037158	NA
1260	Pdia5	A3SS	-0.491	0.679913960325242	n.s.	0.167546041588097	NA
1487	C230037L18Rik	A3SS	0.528	0.865561211609077	n.s.	0.0627022138382276	NA
2670	Zfas1	A3SS	0.448	0.901502507273229	n.s.	0.0450330610731226	NA
2786	Xlr	A3SS	-0.56	0.000139981693931822	n.s.	3.85392875535188	NA
2965	Espn	A3SS	0.582	0.00120576075609789	Up in Saline	2.91873885522559	NA
3610	Gm3764	A3SS	-0.501	0.542766919271629	n.s.	0.265386629721946	NA
4651	Ccdc163	A3SS	0.502	0.901502507273229	n.s.	0.0450330610731226	NA
4870	C030004G16Rik	A3SS	-0.466	0.0659565054937722	n.s.	1.18074236219936	NA
5427	4930447M23Rik	A3SS	0.394	0.00751727688150846	Up in Saline	2.12393945322647	NA
5553	Rsrp1	A3SS	0.322	0.000115444090525155	Up in Saline	3.93762829330551	NA
5976	2610316D01Rik	A3SS	0.57	0.35263284683034	n.s.	0.452677236753767	NA
7002	Brca2	A3SS	-0.559	0.141500377420622	n.s.	0.84924240175471	NA
7804	9930012K11Rik	A3SS	0.798	3.09401700989124e-05	n.s.	4.5094773030214	NA
8679	Gm16938	A3SS	-0.583	0.708208622332874	n.s.	0.149838790076082	NA
10992	Rmst	A3SS	0.418	0.306350819944822	n.s.	0.513780952945753	NA
13876	Cdk16	A3SS	0.364	0.901502507273229	n.s.	0.0450330610731226	NA
15333	Thoc1	A3SS	0.274	0.0211149281267586	n.s.	1.67541039253437	NA
16024	Adamts10	A3SS	0.6	0.258359867236722	n.s.	0.587774947299555	NA
18304	Dnaja1	A3SS	0.262	0.655621206872447	n.s.	0.183347007086399	NA
18469	Trappc14	A3SS	-0.397	0.00421382801374452	Up in TMAO	2.37532319397851	NA
18560	Arhgap33	A3SS	0.319	0.198825080758076	n.s.	0.701528832474957	NA
18561	Arhgap33	A3SS	0.511	0.3395065177776	n.s.	0.469151883805646	NA
19733	Mfn1	A3SS	-0.566	0.469446866623578	n.s.	0.328413555342522	NA
19893	Galnt7	A3SS	0.31	0.679913960325242	n.s.	0.167546041588097	NA
19993	Slco1c1	A3SS	-0.504	0.756950513936153	n.s.	0.120932511816908	NA
20817	Actl6b	A3SS	-0.427	0.0957028973196608	n.s.	1.01907491414694	NA
21660	Coq2	A3SS	-0.425	0.865561211609077	n.s.	0.0627022138382276	NA
23158	Fbxo6	A3SS	0.667	0.584454804312443	n.s.	0.233249067045536	NA
25551	Me3	A3SS	0.852	1.17818411427205e-06	n.s.	5.92878683725314	NA
27153	Rnf40	A3SS	-0.413	0.207173652490655	n.s.	0.683665477235202	NA
28581	Surf1	A3SS	0.36	0.207173652490655	n.s.	0.683665477235202	NA
28584	Surf1	A3SS	0.631	0.000269765780152875	Up in Saline	3.56901314151856	NA
28752	Pxn	A3SS	0.382	0.901502507273229	n.s.	0.0450330610731226	NA
30335	Chst1	A3SS	0.523	0.0305219253255418	n.s.	1.51538807452169	NA
32509	Ptges2	A3SS	0.553	0.71113700472886	n.s.	0.148046721821824	NA
33880	Mia3	A3SS	-0.624	0.15245563342413	n.s.	0.816856523284095	NA
34697	Cacna1b	A3SS	-0.506	0.461274871407088	n.s.	0.336040203545842	NA
35228	Dgkz	A3SS	-0.381	0.141500377420622	n.s.	0.84924240175471	NA
37109	Appl2	A3SS	-0.492	0.076907823351145	n.s.	1.11402947989407	NA
37604	Commd4	A3SS	0.553	0.0772442304813435	n.s.	1.11213394897355	NA
37802	Cc2d1b	A3SS	-0.655	0.0156778139828096	n.s.	1.80471449276048	NA
38109	Tmem212	A3SS	0.407	0.65715816768327	n.s.	0.182330089976095	NA
38978	Rusc1	A3SS	0.34	0.0304786416875586	n.s.	1.51600439168751	NA
39229	Sltm	A3SS	0.573	0.901502507273229	n.s.	0.0450330610731226	NA
39270	Xpo1	A3SS	-0.516	0.788089462157877	n.s.	0.103424479571138	NA
39271	Xpo1	A3SS	-0.497	0.901502507273229	n.s.	0.0450330610731226	NA
39612	Pld2	A3SS	-0.592	0.186159724055194	n.s.	0.730114273476136	NA
41050	Arnt2	A3SS	-0.167	0.584454804312443	n.s.	0.233249067045536	NA
41226	Atg16l2	A3SS	-0.683	0.000229073741213272	Up in TMAO	3.64002469125485	NA
41227	Atg16l2	A3SS	-0.595	0.16126117181316	n.s.	0.792470188700499	NA
41954	Tgfb1i1	A3SS	0.667	0.582251762675913	n.s.	0.234889188032846	NA
42743	Hook3	A3SS	-0.5	0.3395065177776	n.s.	0.469151883805646	NA
43135	Mon2	A3SS	-0.637	0.0757163552284534	n.s.	1.12081029991516	NA
43251	Mast3	A3SS	0.504	0.542766919271629	n.s.	0.265386629721946	NA
43310	Slc27a1	A3SS	0.363	0.679913960325242	n.s.	0.167546041588097	NA
44486	Cdk10	A3SS	-0.33	0.745064756546112	n.s.	0.127805979347749	NA
46085	Gcc2	A3SS	-0.667	0.258359867236722	n.s.	0.587774947299555	NA
46865	Zdhhc3	A3SS	-0.386	0.708208622332874	n.s.	0.149838790076082	NA
48484	Sparcl1	A3SS	0.295	0.02414329959863	n.s.	1.61720337634509	NA
51457	Acsl6	A3SS	0.417	0.3395065177776	n.s.	0.469151883805646	NA
52436	Mtarc2	A3SS	0.428	0.901502507273229	n.s.	0.0450330610731226	NA
398	Sil1	MXE	-0.363	0.583136677990883	n.s.	0.234229641569718	NA
499	Crem	MXE	0.634	0.0334134320705485	n.s.	1.47607891338468	NA
500	Crem	MXE	0.407	0.496829213250632	n.s.	0.303792875833605	NA
3529	Sox2ot	MXE	-0.735	0.000263169396742451	n.s.	3.57976461505287	NA
3757	Gsto2	MXE	0.482	0.420015924173957	n.s.	0.376734243769298	NA
3844	Phyhd1	MXE	0.301	0.557473089196148	n.s.	0.253776092397648	NA
4805	4732471J01Rik	MXE	-0.353	0.496829213250632	n.s.	0.303792875833605	NA
5302	A230057D06Rik	MXE	0.582	0.0902942343465904	n.s.	1.04433998026682	NA
5386	Ppp4r1l-ps	MXE	-0.657	0.0151423970721075	n.s.	1.81980536969819	NA
5503	Gm20488	MXE	-0.446	0.185788541801274	n.s.	0.730981073904952	NA
5767	Pbrm1	MXE	0.36	0.0963733107468247	n.s.	1.01604322128612	NA
6105	1500015L24Rik	MXE	-0.422	0.226137970159324	n.s.	0.64562651042695	NA
6374	ENSMUSG00000138831	MXE	0.295	0.118883326794898	n.s.	0.924879050248618	NA
7558	Slc38a6	MXE	-0.354	0.671245699077983	n.s.	0.1731184839705	NA
7795	C030037D09Rik	MXE	-0.471	0.809338759506636	n.s.	0.0918696605999389	NA
8243	Gm30439	MXE	-0.264	0.557473089196148	n.s.	0.253776092397648	NA
8538	Plagl1	MXE	-0.482	0.782241056196965	n.s.	0.106659393687056	NA
8823	Pvt1	MXE	-0.49	0.557473089196148	n.s.	0.253776092397648	NA
9824	Sec11c	MXE	0.54	0.175736305690753	n.s.	0.755138507529523	NA
10156	Ptpn5	MXE	0.642	0.552026896041654	n.s.	0.258039761912264	NA
10157	Ptpn5	MXE	0.644	0.557473089196148	n.s.	0.253776092397648	NA
10175	Dync1i2	MXE	0.299	0.869724341719734	n.s.	0.0606183747837709	NA
10517	Lrfn5	MXE	0.396	0.298316338838545	n.s.	0.525322959601073	NA
10871	Lnx1	MXE	0.24	0.823985520331335	n.s.	0.0840804199721234	NA
10873	Lnx1	MXE	0.307	0.827665327822674	n.s.	0.0821452376858735	NA
11366	0610043K17Rik	MXE	-0.463	0.557473089196148	n.s.	0.253776092397648	NA
11367	0610043K17Rik	MXE	-0.633	0.298316338838545	n.s.	0.525322959601073	NA
11368	0610043K17Rik	MXE	-0.63	0.0270401036961387	n.s.	1.56799164725058	NA
11494	Atp11c	MXE	0.472	0.0999533704927044	n.s.	1.00020255660637	NA
11853	Ahcyl1	MXE	0.417	0.0072447776312915	n.s.	2.13997494007343	NA
11931	Ly6e	MXE	-0.457	0.869724341719734	n.s.	0.0606183747837709	NA
11955	Syt1	MXE	-0.587	0.86225877512108	n.s.	0.0643623771666942	NA
12008	B230216N24Rik	MXE	-0.918	1.65967239951939e-12	n.s.	11.7799776282984	NA
12527	Lrrn2	MXE	-0.5	0.0902942343465904	n.s.	1.04433998026682	NA
12531	Lrrn2	MXE	-0.667	0.107808867135929	n.s.	0.967345517536738	NA
12718	Timm9	MXE	0.4	0.70101569225464	n.s.	0.154272260231172	NA
12720	Timm9	MXE	0.341	0.417053578427547	n.s.	0.379808148094087	NA
12914	Slc35f3	MXE	0.667	0.396656272540517	n.s.	0.40158567358959	NA
13213	Adgrl3	MXE	0.711	0.00937733390358376	n.s.	2.02792061956816	NA
13335	Nr4a1	MXE	-0.431	0.420015924173957	n.s.	0.376734243769298	NA
13390	Rbfox1	MXE	-0.284	0.473422380327462	n.s.	0.324751215306438	NA
14646	Laptm4a	MXE	-0.302	0.557473089196148	n.s.	0.253776092397648	NA
14649	Laptm4a	MXE	-0.363	0.299341915075731	n.s.	0.523832467217357	NA
14779	Aldoc	MXE	0.546	0.0409809491960836	n.s.	1.38741798673894	NA
14783	Aldoc	MXE	-0.458	0.557473089196148	n.s.	0.253776092397648	NA
14788	Aldoc	MXE	-0.75	0.000263169396742451	n.s.	3.57976461505287	NA
14923	Phkb	MXE	-0.286	0.557473089196148	n.s.	0.253776092397648	NA
14924	Phkb	MXE	-0.559	0.0999533704927044	n.s.	1.00020255660637	NA
15029	Tspan5	MXE	-0.365	0.329211533914755	n.s.	0.482524957701005	NA
15038	Mprip	MXE	-0.2	0.298316338838545	n.s.	0.525322959601073	NA
15298	Kirrel3	MXE	-0.677	0.151926208663393	n.s.	0.818367299895874	NA
15467	Sv2b	MXE	0.03	0.299341915075731	n.s.	0.523832467217357	NA
15805	Pnpla6	MXE	-0.324	0.496829213250632	n.s.	0.303792875833605	NA
16153	Glra2	MXE	-0.417	0.557473089196148	n.s.	0.253776092397648	NA
16155	Glra2	MXE	-0.388	0.175736305690753	n.s.	0.755138507529523	NA
16196	Pts	MXE	-0.324	0.67066496792135	n.s.	0.173494378370541	NA
17114	Abl1	MXE	0.667	0.298316338838545	n.s.	0.525322959601073	NA
17538	Slc25a19	MXE	-0.483	0.111619799901709	n.s.	0.952258760368557	NA
17569	Cyth1	MXE	0.268	0.699511321472364	n.s.	0.155205252132575	NA
17605	Rock2	MXE	-0.42	0.557473089196148	n.s.	0.253776092397648	NA
17647	Nrcam	MXE	0.462	0.0999533704927044	n.s.	1.00020255660637	NA
17648	Nrcam	MXE	0.46	0.0902942343465904	n.s.	1.04433998026682	NA
18390	Adgrb1	MXE	-0.46	0.558575194887813	n.s.	0.252918354282237	NA
1437	Uxt	SE	0.492	0.291304435155409	n.s.	0.535652903120848	NA
1614	Ccdc120	SE	0.259	0.991210987420157	n.s.	0.00383389251829527	NA
1874	Sfxn2	SE	-0.45	0.370543709700499	n.s.	0.431160554858557	NA
5852	Atp6v1g2	SE	0.415	0.00458992575978162	Up in Saline	2.33819433894595	NA
6111	Rrp1b	SE	-0.426	0.627020032393593	n.s.	0.202718583859842	NA
6867	Tbp	SE	0.488	0.304406752750659	n.s.	0.516545717703631	NA
7312	A930006K02Rik	SE	-0.75	0.000806219874429824	n.s.	3.09354650009414	NA
7967	Cfap44	SE	-0.497	0.291304435155409	n.s.	0.535652903120848	NA
9623	1810021B22Rik	SE	-0.633	0.30269074094539	n.s.	0.519000863542356	NA
11082	Epb41l2	SE	0.502	0.971646875099266	n.s.	0.0124915417200496	NA
11733	Srl	SE	-0.665	0.0549515863451854	n.s.	1.26001976582436	NA
12827	Pcsk7	SE	0.237	0.800514530389574	n.s.	0.0966307806581859	NA
14480	Mir9-2hg	SE	-0.583	0.217193714121619	n.s.	0.663152747968081	NA
14489	Mir9-2hg	SE	0.021	0.893883599699046	n.s.	0.0487190307562749	NA
14676	ENSMUSG00000131858	SE	-0.264	0.469653474643658	n.s.	0.328222460268774	NA
15277	Fzd10os	SE	0.504	0.46802274370117	n.s.	0.329733041746575	NA
15491	Elmod3	SE	-0.372	0.893883599699046	n.s.	0.0487190307562749	NA
15667	Dnajb13	SE	-0.669	0.0140268558503317	n.s.	1.85303966609767	NA
16746	Gm28756	SE	0.361	0.631142735591075	n.s.	0.199872412119609	NA
16820	Trip4	SE	0.39	0.0731892075106842	n.s.	1.1355529553367	NA
19097	Fgf5	SE	0.656	0.159985352743315	n.s.	0.795919776806208	NA
19100	Espn	SE	0.578	0.0068969337518484	Up in Saline	2.16134394558491	NA
19289	C030005K06Rik	SE	0.762	0.0234050808174898	n.s.	1.63068985491982	NA
19679	Mul1	SE	-0.469	0.627020032393593	n.s.	0.202718583859842	NA
21228	Alg6	SE	-0.457	0.0521957605330947	n.s.	1.28236477002175	NA
21485	Adam23	SE	0.298	0.561777645890975	n.s.	0.250435546122959	NA
22560	Iffo1	SE	0.36	0.132938008083241	n.s.	0.876350832895547	NA
22663	3110045C21Rik	SE	-0.589	0.0144578284086544	n.s.	1.83989693394074	NA
23636	Casp2	SE	0.321	0.657067654620077	n.s.	0.18238991123859	NA
25455	Socs5	SE	-0.447	0.685877578451498	n.s.	0.16375339412934	NA
26104	Paxx	SE	0.221	0.830718605213223	n.s.	0.0805460627369383	NA
27436	Rfx3	SE	0.458	0.226015258103241	n.s.	0.645862241001441	NA
28883	Fam161a	SE	0.612	0.291304435155409	n.s.	0.535652903120848	NA
29905	Surf1	SE	0.374	0.0375656122627425	n.s.	1.42520952842242	NA
29972	Prkd1	SE	-0.455	0.0644099136552377	n.s.	1.19104728303752	NA
30900	Slc37a3	SE	0.485	0.266949157250065	n.s.	0.573571445857671	NA
31790	Celrr	SE	0.62	0.0840629321071346	n.s.	1.07539546591587	NA
31898	A330049N07Rik	SE	-0.462	0.769159991580656	n.s.	0.113983313991073	NA
32377	Cenpu	SE	-0.556	0.13524736184785	n.s.	0.868871197541879	NA
32493	9130024F11Rik	SE	0.382	0.524178446702247	n.s.	0.280520840449169	NA
32497	9130024F11Rik	SE	0.35	0.422588643334052	n.s.	0.374082178376055	NA
32802	Sox2ot	SE	0.566	0.0903730754497335	n.s.	1.04396093816724	NA
33422	St18	SE	-0.562	0.00729243877525594	n.s.	2.13712720837423	NA
33428	St18	SE	-0.344	0.504377949303283	n.s.	0.297243908429723	NA
33437	Ubn2	SE	-0.252	0.561777645890975	n.s.	0.250435546122959	NA
34137	Cep44	SE	-0.203	0.991210987420157	n.s.	0.00383389251829527	NA
34427	Carf	SE	0.432	0.193339272206395	n.s.	0.713679920569558	NA
36987	Glul	SE	0.247	0.771918488943251	n.s.	0.112428556751211	NA
38111	Gm28175	SE	0.526	0.133116668330388	n.s.	0.875767560523266	NA
38114	Gm28175	SE	0.636	0.205982062453257	n.s.	0.686170597673351	NA
40046	Tmem169	SE	0.539	0.555861098217783	n.s.	0.255033718874786	NA
40432	Kansl1l	SE	0.426	0.436514509985087	n.s.	0.360001315528354	NA
41486	Gm14033	SE	-0.414	0.304406752750659	n.s.	0.516545717703631	NA
41516	Agfg1	SE	0.274	0.142638791504794	n.s.	0.845762349340713	NA
41621	Msantd2	SE	-0.506	0.584455191720434	n.s.	0.233248779171957	NA
42494	Lypd6b	SE	0.332	0.00649032135507354	Up in Saline	2.18773379945849	NA
42979	Rnf38	SE	0.34	0.82744149948214	n.s.	0.0822627012987066	NA
43901	Ccdc34	SE	-0.512	0.336975913420743	n.s.	0.47240114079723	NA
45137	Gm13322	SE	0.463	0.30436231758341	n.s.	0.516609117599958	NA
46323	Pcdh15	SE	-0.447	0.142638791504794	n.s.	0.845762349340713	NA
47015	Gm16835	SE	0.427	0.945270906212064	n.s.	0.0244437087264608	NA
47959	P2ry14	SE	-0.396	0.893883599699046	n.s.	0.0487190307562749	NA
48713	Ythdf3	SE	0.485	0.00130531991983206	Up in Saline	2.88428303438697	NA
49104	Nudt6	SE	0.328	0.113314254790387	n.s.	0.945715453001622	NA
49151	Zfp14	SE	0.408	0.214772483262524	n.s.	0.668021361393134	NA
49354	D3Ertd751e	SE	0.667	0.0826463474140702	n.s.	1.08277633547386	NA
49826	Pcsk4	SE	0.697	0.228264349725599	n.s.	0.64156191122738	NA
50502	A230057D06Rik	SE	0.367	0.291304435155409	n.s.	0.535652903120848	NA
50512	A230057D06Rik	SE	-0.481	0.107080693692534	n.s.	0.970288824019811	NA
50862	Ppp4r1l-ps	SE	-0.695	0.266949157250065	n.s.	0.573571445857671	NA
51420	Cops7b	SE	0.627	0.769159991580656	n.s.	0.113983313991073	NA
51446	Arnt	SE	-0.376	0.931204467294437	n.s.	0.030954949235564	NA
52200	4930578G10Rik	SE	0.667	0.369364055743156	n.s.	0.43254536972938	NA
52618	Ccdc142os	SE	0.662	0.293349131435931	n.s.	0.532615193328478	NA
52668	1700112D23Rik	SE	0.797	0.00793614308850202	n.s.	2.10039051046242	NA
53275	Adgrl2	SE	-0.629	0.0375656122627425	n.s.	1.42520952842242	NA
54139	Mak	SE	0.528	0.991210987420157	n.s.	0.00383389251829527	NA
54234	Pbrm1	SE	0.375	0.319178660772935	n.s.	0.495966151839958	NA
54324	A230006K03Rik	SE	-0.203	0.603999307960932	n.s.	0.218963558976419	NA
54970	Ptma	SE	-0.417	0.13091559874305	n.s.	0.883008603682831	NA
55274	Arnt2	SE	0.276	0.745876274377473	n.s.	0.127333207127224	NA
55887	Gm1976	SE	0.183	0.731492413066992	n.s.	0.135790173954566	NA
56248	Gm57787	SE	0.361	0.685877578451498	n.s.	0.16375339412934	NA
56594	Akap8l	SE	0.213	0.142638791504794	n.s.	0.845762349340713	NA
57379	Tacc2	SE	0.47	0.304406752750659	n.s.	0.516545717703631	NA
57649	Cfap46	SE	-0.45	0.452272656156074	n.s.	0.344599668366189	NA
58550	Phf2os1	SE	0.221	0.205982062453257	n.s.	0.686170597673351	NA
60295	Ushbp1	SE	0.363	0.579399075680954	n.s.	0.237022201964465	NA
62221	Bmpr1b	SE	0.302	0.534618613595135	n.s.	0.271955924664912	NA
62400	2610035D17Rik	SE	-0.621	0.0509039930003256	n.s.	1.29324814949052	NA
63436	Lingo2	SE	0.259	0.0840629321071346	n.s.	1.07539546591587	NA
63768	Scn8a	SE	-0.455	0.390272833314842	n.s.	0.408631678675411	NA
64411	Gm10010	SE	-0.368	0.751744978690821	n.s.	0.123929464104268	NA
65155	ENSMUSG00000140986	SE	0.541	0.0951413520321458	n.s.	1.02163068121202	NA
65497	Kash5	SE	-0.43	0.364016990458274	n.s.	0.438878345224386	NA
67417	Gm32123	SE	-0.733	0.00167926668123154	n.s.	2.77488032888258	NA
68441	Col13a1	SE	0.36	0.64717022189195	n.s.	0.188981474037213	NA
68544	Otud7b	SE	0.446	0.631142735591075	n.s.	0.199872412119609	NA
69996	ENSMUSG00000141108	SE	0.528	0.36925913309701	n.s.	0.43266875422974	NA
70227	Rmst	SE	0.345	0.113314254790387	n.s.	0.945715453001622	NA
70287	Mirg	SE	-0.525	0.549543837774754	n.s.	0.259997657663981	NA
70411	Zfp420	SE	-0.335	0.813662938203133	n.s.	0.0895554653739797	NA
71482	Ube2d-ps	SE	0.387	0.133116668330388	n.s.	0.875767560523266	NA
71489	Ube2d-ps	SE	0.31	0.426508409928095	n.s.	0.370072400957524	NA
73472	ENSMUSG00000138531	SE	0.515	0.524178446702247	n.s.	0.280520840449169	NA
73571	Vps53	SE	-0.508	0.3881991350439	n.s.	0.410945436608861	NA
73927	Synrg	SE	0.373	0.0509039930003256	n.s.	1.29324814949052	NA
75185	Helq	SE	0.341	0.226015258103241	n.s.	0.645862241001441	NA
76328	Silc1	SE	-0.597	0.768512962966289	n.s.	0.114348802598526	NA
77857	D130020L05Rik	SE	0.651	0.144915499039432	n.s.	0.838885163270499	NA
78162	Traf3	SE	-0.482	0.256159595363328	n.s.	0.591489371447623	NA
78886	Pecr	SE	-0.884	6.26247609326408e-10	n.s.	9.20325391902223	NA
79820	Ctla2b	SE	0.471	0.274764108460307	n.s.	0.561039998379821	NA
82639	Nalcn	SE	-0.222	0.575965996308764	n.s.	0.239603155554882	NA
83347	Svil	SE	-0.422	0.814294942630354	n.s.	0.0892182624864836	NA
84336	Pvt1	SE	-0.873	2.46970888184671e-10	Up in TMAO	9.60735423639978	Pvt1_SE
84869	Triobp	SE	-0.639	0.163584411364796	n.s.	0.786258084410495	NA
86672	Malt1	SE	0.574	0.22808459320277	n.s.	0.641904049721171	NA
86673	Malt1	SE	0.463	0.768512962966289	n.s.	0.114348802598526	NA
87510	Atp6v1g2	SE	0.565	0.00440411123076749	n.s.	2.35614172096765	NA
87513	Atp6v1g2	SE	0.512	0.00419908859999672	Up in Saline	2.37684496173174	NA
87514	Atp6v1g2	SE	0.822	2.8561301179685e-07	Up in Saline	6.54422201110158	NA
87686	Ankrd29	SE	-0.223	0.646007014511531	n.s.	0.189762766297312	NA
88221	Zdhhc14	SE	0.42	0.333227490090141	n.s.	0.477259178027592	NA
89238	Pphln1	SE	-0.45	0.0646981172529952	n.s.	1.18910835733025	NA
89671	Kmt2b	SE	0.667	0.113314254790387	n.s.	0.945715453001622	NA
90295	Oxr1	SE	-0.598	0.0189687935938062	n.s.	1.72196028915423	NA
90296	Oxr1	SE	-0.612	0.0133003413372777	n.s.	1.87613721324389	NA
90297	Oxr1	SE	-0.592	0.0721168217454589	n.s.	1.14196342128442	NA
90853	Tprkb	SE	-0.706	0.0121175095401442	n.s.	1.91658662968399	NA
94398	Ptges3l	SE	0.508	0.377457598349141	n.s.	0.423131827709668	NA
94518	0610043K17Rik	SE	0.668	0.0840629321071346	n.s.	1.07539546591587	NA
94520	0610043K17Rik	SE	0.587	0.00729243877525594	n.s.	2.13712720837423	NA
94979	Atp11c	SE	0.422	0.555861098217783	n.s.	0.255033718874786	NA
95550	Pkp4	SE	0.354	0.453866279332356	n.s.	0.343072082610522	NA
96293	Socs5	SE	-0.49	0.318144293082417	n.s.	0.497375862794076	NA
96520	B230216N24Rik	SE	0.44	0.545064714382185	n.s.	0.263551931795675	NA
96846	Gm48551	SE	0.61	0.603999307960932	n.s.	0.218963558976419	NA
98132	Gm5148	SE	-0.562	0.107080693692534	n.s.	0.970288824019811	NA
98748	Dact3	SE	0.521	2.09232766227412e-05	Up in Saline	4.67937030318209	NA
98777	Ccpg1	SE	-0.372	0.745876274377473	n.s.	0.127333207127224	NA
99154	Cdc42se2	SE	0.399	0.561777645890975	n.s.	0.250435546122959	NA
99614	Naxe	SE	-0.509	0.0072902448618834	Up in TMAO	2.13725788452443	NA
99616	Naxe	SE	-0.456	0.00200179478048998	Up in TMAO	2.69858044747064	NA
100561	Gm36356	SE	0.317	0.896209715159463	n.s.	0.0475903525259919	NA
100825	Rsrp1	SE	0.345	1.38383389596952e-05	Up in Saline	4.85891603588585	NA
100912	Gnb4	SE	-0.599	0.388890653842158	n.s.	0.410172494069181	NA
100989	Tm6sf2	SE	0.384	0.205982062453257	n.s.	0.686170597673351	NA
100990	Tm6sf2	SE	0.293	0.549543837774754	n.s.	0.259997657663981	NA
101747	Rbfox1	SE	0.491	0.561777645890975	n.s.	0.250435546122959	NA
102763	Zfand1	SE	-0.501	0.0090252503510807	Up in TMAO	2.04454074237689	NA
103023	Abca8b	SE	0.517	0.000810689355473123	Up in Saline	3.09114552932593	NA
105058	Gm13322	SE	0.667	0.00163265318083581	n.s.	2.78710606121932	NA
105761	Fbln2	SE	-0.397	0.508388150095095	n.s.	0.293804580872334	NA
105835	Wsb1	SE	0.288	0.3881991350439	n.s.	0.410945436608861	NA
106130	Slc39a11	SE	0.432	0.803726718180495	n.s.	0.0948915942384028	NA
106357	Mtg2	SE	0.389	0.646007014511531	n.s.	0.189762766297312	NA
106958	Zfp14	SE	0.355	0.0851636787943876	n.s.	1.0697455867171	NA
106959	Zfp14	SE	0.548	0.0361892954935592	n.s.	1.4414198713333	NA
106960	Zfp14	SE	0.21	0.304406752750659	n.s.	0.516545717703631	NA
107231	Nbl1	SE	0.313	0.329505281302858	n.s.	0.482137620152498	NA
107239	Pcsk4	SE	0.78	0.0068969337518484	n.s.	2.16134394558491	NA
107347	Dcun1d4	SE	-0.823	9.80408273177615e-08	Up in TMAO	7.00859303260945	Dcun1d4_SE
108207	Zfp644	SE	-0.537	0.37201045289546	n.s.	0.429444856970147	NA
108272	Rimbp2	SE	0.518	0.0154289851455489	n.s.	1.81166263908157	NA
108592	Ncoa5	SE	-0.484	0.304406752750659	n.s.	0.516545717703631	NA
108638	Tusc3	SE	0.336	0.409166329075302	n.s.	0.388100112248389	NA
108808	Lrp11	SE	-0.493	0.314933824469322	n.s.	0.501780692835996	NA
109697	Mterf3	SE	0.264	0.142638791504794	n.s.	0.845762349340713	NA
111036	ENSMUSG00000144212	SE	0.25	0.291304435155409	n.s.	0.535652903120848	NA
111085	Gm13629	SE	0.307	0.296530696000982	n.s.	0.527930343062549	NA
111186	Purg	SE	0.391	0.00660114459522144	Up in Saline	2.18038075411116	NA
111602	Dda1	SE	0.465	0.459218101853659	n.s.	0.337981000879665	NA
111607	Dda1	SE	0.491	0.467990343855099	n.s.	0.329763107724403	NA
111782	Mmaa	SE	0.654	0.256159595363328	n.s.	0.591489371447623	NA
111785	Mmaa	SE	0.59	0.312960218785672	n.s.	0.504510863283799	NA
112264	Glra2	SE	-0.239	0.796011721887228	n.s.	0.0990805368936655	NA
112995	Lingo2	SE	-0.444	0.341930903622108	n.s.	0.466061646012331	NA
113349	Gm10010	SE	-0.34	0.631142735591075	n.s.	0.199872412119609	NA
113968	Pigb	SE	0.64	0.0431543797682698	n.s.	1.36497512086036	NA
114320	Miga1	SE	1	9.80408273177615e-08	n.s.	7.00859303260945	NA
114446	Arpp21	SE	-0.553	0.0549515863451854	n.s.	1.26001976582436	NA
114539	Mrpl48	SE	-0.513	0.0477461908530123	n.s.	1.3210612703107	NA
114541	Mrpl48	SE	-0.282	0.561777645890975	n.s.	0.250435546122959	NA
114545	Mrpl48	SE	0.334	0.505793482353818	n.s.	0.296026771266839	NA
115800	Rmst	SE	0.449	0.0149170941885285	n.s.	1.82631576806942	NA
116267	Ube2d-ps	SE	0.54	0.126646594925949	n.s.	0.897406482342053	NA
116989	4933412O06Rik	SE	0.667	0.141739866107472	n.s.	0.848507981824349	NA
116993	4933412O06Rik	SE	0.588	0.0826463474140702	n.s.	1.08277633547386	NA
117252	Trp53i13	SE	0.377	0.87676979911565	n.s.	0.0571144181472458	NA
117309	Nf1	SE	-0.31	0.991210987420157	n.s.	0.00383389251829527	NA
117511	Mbtd1	SE	-0.494	0.534618613595135	n.s.	0.271955924664912	NA
119110	Gm35823	SE	-0.339	0.563282370090407	n.s.	0.249273841330371	NA
119391	Ing3	SE	0.266	0.561777645890975	n.s.	0.250435546122959	NA
120887	Nalcn	SE	-0.336	0.79125591126206	n.s.	0.101683032464125	NA
121256	Extl3	SE	0.361	0.133116668330388	n.s.	0.875767560523266	NA
121271	Extl3	SE	0.283	0.0411517228562562	n.s.	1.38561197791703	NA
31	5530601H04Rik	RI	-0.293	0.40771948719568	n.s.	0.389638530688395	NA
35	5530601H04Rik	RI	-0.443	0.351218760770429	n.s.	0.454422293786835	NA
69	Plxna3	RI	0.355	0.101103035757429	n.s.	0.995235803925261	NA
156	Gm28578	RI	0.394	0.571724831103052	n.s.	0.242812945136005	NA
404	Thoc1	RI	0.278	0.04856749642184	n.s.	1.31365428314841	NA
575	Gm50335	RI	0.236	0.966243304010266	n.s.	0.0149135026896277	NA
699	Tedc2	RI	-0.361	0.636373391379103	n.s.	0.196287987760242	NA
1202	Atp11b	RI	0.209	0.636373391379103	n.s.	0.196287987760242	NA
1252	0610040F04Rik	RI	-0.321	0.09481469855066	n.s.	1.02312433138957	NA
1556	Dnah10	RI	0.316	0.33730290964374	n.s.	0.471979912481803	NA
1617	Arhgap4	RI	-0.482	0.0166654822772083	n.s.	1.77818211390866	NA
1628	Gbp9	RI	0.695	0.00264174782889097	Up in Saline	2.57810864082747	NA
1714	Bend4	RI	0.631	7.1766799377636e-05	Up in Saline	4.14407642179926	NA
1722	Gm36855	RI	-0.535	0.00706705012486572	Up in TMAO	2.15076182832934	NA
1724	Gm36855	RI	0.501	0.0998378005590944	n.s.	1.00070499512529	NA
1778	C130026L21Rik	RI	0.575	0.0143738936525055	n.s.	1.84242557266286	NA
2308	Ubp1	RI	0.177	0.40771948719568	n.s.	0.389638530688395	NA
2431	A230072C01Rik	RI	0.333	0.484722971435713	n.s.	0.314506398203023	NA
2576	Espl1	RI	0.75	0.287207193986857	n.s.	0.541804686053464	NA
2592	Tekt2	RI	0.693	1.80806640770683e-07	Up in Saline	6.74278562254927	Tekt2_RI
2635	Tgfbr3l	RI	-0.245	0.112682756716053	n.s.	0.948142536802298	NA
3032	Brat1	RI	0.259	0.112937614449288	n.s.	0.947161389987242	NA
3427	Rsrp1	RI	0.328	1.96413887376542e-07	Up in Saline	6.70682780882108	Rsrp1_RI
3700	2610316D01Rik	RI	0.416	0.0251335928628627	n.s.	1.59974542430106	NA
3782	Agrn	RI	0.196	0.281066790724779	n.s.	0.551190465160934	NA
3952	Ggt5	RI	0.279	0.739519845538664	n.s.	0.131050166910787	NA
4039	Fos	RI	0.221	0.166387415811375	n.s.	0.778879523299785	NA
4174	Gm3294	RI	-0.315	0.409834707058664	n.s.	0.387391265930415	NA
4244	Gm29443	RI	0.436	0.116672614336875	n.s.	0.933031070587855	NA
4843	Cenpt	RI	-0.41	0.0495314466214673	n.s.	1.30511898777474	NA
4939	Nes	RI	0.127	0.116672614336875	n.s.	0.933031070587855	NA
5069	Cpsf4	RI	0.347	0.000458810289772912	Up in Saline	3.33836685070651	NA
5097	Camk2d	RI	-0.449	0.330982765177995	n.s.	0.480194620070105	NA
5170	Fubp1	RI	0.189	0.233593489305039	n.s.	0.631539266004413	NA
5207	Tmem82	RI	-0.231	0.203152326339928	n.s.	0.692178200111829	NA
5541	Adam8	RI	0.457	0.636373391379103	n.s.	0.196287987760242	NA
5838	Jak3	RI	0.33	0.00410943917980787	Up in Saline	2.3862174427793	NA
6842	Rmst	RI	0.004	0.812775544064148	n.s.	0.0900293725278968	NA
7060	Hip1r	RI	-0.312	0.287207193986857	n.s.	0.541804686053464	NA
7174	Nek8	RI	0.413	0.3877667694923	n.s.	0.411429411462807	NA
7422	4933406C10Rik	RI	0.597	0.049468137974838	n.s.	1.30567443656269	NA
7599	A330102I10Rik	RI	0.375	0.0458216269877847	n.s.	1.33892949438555	NA
7627	Sirt5	RI	0.381	0.037270088126096	n.s.	1.42863958034431	NA
7719	Cep72	RI	0.512	0.0471068860797968	n.s.	1.32691560310751	NA
8103	Phf20l1	RI	0.323	0.0123109495499549	n.s.	1.90970844841705	NA
8255	Armcx6	RI	0.38	0.695755553863428	n.s.	0.157543318227677	NA
8256	Armcx6	RI	0.554	0.00394202597391318	Up in Saline	2.40428051849138	NA
8698	Syvn1	RI	0.53	0.812775544064148	n.s.	0.0900293725278968	NA
8897	Cxxc1	RI	-0.443	1.20333877677127e-06	Up in TMAO	5.91961208822976	Cxxc1_RI
9136	Lrrc73	RI	0.326	0.330982765177995	n.s.	0.480194620070105	NA
9683	Eif4g1	RI	0.564	0.0998378005590944	n.s.	1.00070499512529	NA
9804	Parn	RI	-0.44	0.0182312046286328	n.s.	1.73918463434647	NA
9873	Pfdn5	RI	-0.48	0.101094060931225	n.s.	0.995274357569825	NA
10079	Dnaja1	RI	0.257	0.0795280326280409	n.s.	1.09947976103214	NA
10138	Trappc14	RI	-0.337	0.0052047448756952	Up in TMAO	2.2836005537218	NA
10168	Kmt2b	RI	-0.63	5.4567681471688e-06	Up in TMAO	5.26306449857975	NA
10316	Zfp606	RI	-0.371	0.116672614336875	n.s.	0.933031070587855	NA
10385	Med21	RI	0.576	0.721056673933005	n.s.	0.142030599068271	NA
10592	Abhd16a	RI	0.255	0.57406249614129	n.s.	0.241040824933321	NA
10789	Rfc2	RI	-0.5	0.248387139938583	n.s.	0.604870893190662	NA
10972	Zbed5	RI	0.399	0.264657157825232	n.s.	0.57731635573671	NA
11575	Prkcz	RI	0.303	0.970891564104349	n.s.	0.012829272399787	NA
12038	Hmgb1	RI	0.433	0.00135865275764985	Up in Saline	2.86689152539129	NA
12071	Kdm4c	RI	-0.536	0.0251336230554915	n.s.	1.59974490258957	NA
12150	Kazn	RI	0.53	0.812775544064148	n.s.	0.0900293725278968	NA
12707	Bltp2	RI	0.374	0.636373391379103	n.s.	0.196287987760242	NA
12861	Ubap2l	RI	-0.268	0.958936108202797	n.s.	0.0182103279485573	NA
13305	Surf1	RI	0.392	0.965678560273936	n.s.	0.0151674105726513	NA
13457	Gm44790	RI	-0.351	0.7246858350336	n.s.	0.139850227472761	NA
13638	Gle1	RI	0.397	0.862491623180072	n.s.	0.06424511425392	NA
13718	Atf6b	RI	-0.541	0.161608601569206	n.s.	0.791535527753099	NA
14123	Tm6sf2	RI	-0.422	0.636373391379103	n.s.	0.196287987760242	NA
14152	Atad3a	RI	-0.539	0.821412275936873	n.s.	0.0854388109396279	NA
14275	Hnrnpa3	RI	0.579	1e-15	Up in Saline	15	Hnrnpa3_RI
14323	Chp1	RI	0.382	0.351996782572264	n.s.	0.453461306173852	NA
14493	Pomgnt1	RI	0.751	3.63547909999472e-07	Up in Saline	6.43943834772842	NA
14697	Kifc2	RI	0.364	0.636373391379103	n.s.	0.196287987760242	NA
15051	Phka2	RI	0.811	6.81788536738364e-08	Up in Saline	7.16635030506243	Phka2_RI
15069	Pdia3	RI	0.597	0.0879489640120178	n.s.	1.05576927191447	NA
15136	Sez6l2	RI	0.445	0.116672614336875	n.s.	0.933031070587855	NA
15223	Pcnx3	RI	0.389	0.611697550072978	n.s.	0.21346325890373	NA
15235	Znrf1	RI	-0.737	0.0121586059083739	n.s.	1.91511621790942	NA
15372	R3hdm1	RI	-0.425	0.489338046133531	n.s.	0.310391016442204	NA
15427	Mier2	RI	0.504	0.0121586059083739	n.s.	1.91511621790942	NA
15429	Rpl34	RI	0.468	0.64778640960383	n.s.	0.188568167619415	NA
15640	Tle1	RI	0.61	0.0795280326280409	n.s.	1.09947976103214	NA
15642	Pdia4	RI	0.491	0.0122405273086507	n.s.	1.91219987285186	NA
15698	Drg2	RI	0.575	0.0471068860797968	n.s.	1.32691560310751	NA
15788	Celsr3	RI	-0.346	0.101103035757429	n.s.	0.995235803925261	NA
15862	Rit1	RI	-0.296	0.101094060931225	n.s.	0.995274357569825	NA
16026	Commd4	RI	0.349	0.296477152852185	n.s.	0.528008768648905	NA
16309	Rnf13	RI	0.435	0.08322560502774	n.s.	1.07974303895587	NA
16341	Neurl4	RI	0.391	0.821412275936873	n.s.	0.0854388109396279	NA
16346	Ift80	RI	0.449	0.100698095199782	n.s.	0.996978744461754	NA
16627	Lynx1	RI	0.399	0.33730290964374	n.s.	0.471979912481803	NA
17077	Atg16l2	RI	-0.264	0.245241614714991	n.s.	0.610405833062248	NA
17207	Rhobtb2	RI	-0.212	0.636373391379103	n.s.	0.196287987760242	NA
17279	Srcap	RI	-0.475	0.5537492402849	n.s.	0.256686856597862	NA
17409	Lmtk3	RI	-0.252	0.09481469855066	n.s.	1.02312433138957	NA
17518	Gtpbp3	RI	0.302	0.203152326339928	n.s.	0.692178200111829	NA
17567	Taok3	RI	0.564	0.00394202597391318	Up in Saline	2.40428051849138	NA
17785	Lsm6	RI	0.463	0.020124015308892	n.s.	1.69628536096641	NA
17936	Cnot1	RI	-0.695	0.000458810289772912	n.s.	3.33836685070651	NA
17962	Phaf1	RI	0.352	0.700711625581773	n.s.	0.154460677020298	NA
17991	Prmt7	RI	-0.295	0.203152326339928	n.s.	0.692178200111829	NA
18119	Ssbp4	RI	0.48	0.100698095199782	n.s.	0.996978744461754	NA
18281	Ntm	RI	0.616	0.00135865275764985	n.s.	2.86689152539129	NA
18493	Ulk3	RI	-0.18	0.774616875071372	n.s.	0.110913046117623	NA
18527	Cep63	RI	0.649	0.00135865275764985	Up in Saline	2.86689152539129	NA
18573	Vps9d1	RI	0.433	0.264657157825232	n.s.	0.57731635573671	NA
18608	Ddx54	RI	0.563	0.636373391379103	n.s.	0.196287987760242	NA
18615	Trpc1	RI	0.467	0.704736596074736	n.s.	0.1519731755573	NA
18830	Zkscan7	RI	-0.253	0.37105392738214	n.s.	0.430562967305448	NA
18953	Trpm2	RI	0.107	0.534207393074979	n.s.	0.272290105926308	NA
19435	Ccdc157	RI	0.332	0.249951315506231	n.s.	0.602144573191873	NA
19505	Pnpt1	RI	-0.335	0.0380537071349056	n.s.	1.41960302851734	NA
19674	Eif4a1	RI	0.61	0.00298667053888427	Up in Saline	2.52481268199449	NA
19852	Uckl1	RI	-0.605	0.0931587119236591	n.s.	1.03077652494966	NA
20278	Miat	RI	0.488	0.30067836811682	n.s.	0.521897815482559	NA
20396	Akap8	RI	-0.336	0.69816277037376	n.s.	0.15604331371767	NA
20539	Stt3a	RI	0.512	0.0147888039337834	n.s.	1.83006694878625	NA
20546	Rgs14	RI	0.613	0.373430682330124	n.s.	0.427790001814821	NA
20770	Slc4a7	RI	-0.226	0.264657157825232	n.s.	0.57731635573671	NA
21173	Capn15	RI	0.459	0.5537492402849	n.s.	0.256686856597862	NA
21272	Eif3d	RI	0.435	0.049468137974838	n.s.	1.30567443656269	NA
21292	Pdia6	RI	-0.61	0.00836427117630971	n.s.	2.07757189545434	NA
